<?xml version="1.0" encoding="UTF-8"?>
    <channel>
        <title>
          <langstring xml:lang="es">
                RRS del Colegio de Tecnicos Superiores Informaticos del Pais Vasco
          </langstring>
       </title>
        <link>poner link</link>
        <description>Noticias del Coelgio de Tecnicos Superiores Informaticos del Pais Vasco</description>
            <item>
                <title>Noticias de actualiad</title>
                <link>poner el link</link>
                <description>noticia 1</description>
            </item>
            <item>
                <title>Noticias de actualiad</title>
                <link>poner el link</link>
                <description>noticia 2</description>
            </item>
    </channel>
